epoch,train_loss,train_dice,val_loss,val_dice
1,0.045356870734993414,1.2642821045851504e-11,0.025638885446824133,1.2864670033462324e-11
2,0.022959274186788104,1.2391781000526954e-11,0.02388369496911764,1.2864670033462324e-11
